,rank,loo,p_loo,d_loo,weight,se,dse,warning,loo_scale
glm_rater_topic,0,-5811.333322843289,440.2502896271453,0.0,0.9055932391715192,58.099703374277446,0.0,False,log
glm_rater_topic_cordel,1,-5812.52054900561,440.58095146261803,1.1872261623200053,3.836450827172768e-07,58.08920844941205,1.004092416596043,False,log
glm_topic_cordel,2,-5950.703736764099,256.3656068405071,139.37041392080903,0.007008395784797541,58.060814634787704,18.929506038157015,False,log
glm_topic,3,-5950.91468864984,257.21117568395584,139.58136580655074,0.08739905326257572,58.16052938253835,18.981578217628787,False,log
glm_rater_cordel,4,-7147.078942401338,170.26391684039663,1335.7456195580494,4.1909568948249616e-08,48.03735781635504,47.03520179188015,False,log
glm_cordel,5,-7237.729246165543,5.875868803779667,1426.3959233222545,4.81969231505673e-09,46.555168220072574,48.0918296415867,False,log
glm_mean,6,-7290.355185512926,1.0563005397552843,1479.0218626696364,0.0,45.912410754366455,48.99124992055494,False,log
