sim_id,trial_id,p_diff,n_raters,scores_per_r,total_scores,propz_pval,bht_pval,seed
0,0,0.045,80,38,3040,0.4526689262566372,0.364,42
0,1,0.045,80,38,3040,0.007000899988850438,0.003,43
