sim_id,trial_id,p_diff,n_raters,scores_per_r,total_scores,propz_pval,bht_pval,seed
0,0,0.055,80,38,3040,0.23796896328337758,0.156,42
0,5,0.055,80,38,3040,1.4105910822321373e-05,0.0,47
0,1,0.055,80,38,3040,0.0006681140078834112,0.0,43
0,6,0.055,80,38,3040,0.00010081454556611092,0.0,48
0,2,0.055,80,38,3040,3.599062208545117e-05,0.0,44
0,7,0.055,80,38,3040,0.004180911047647237,0.0,49
0,3,0.055,80,38,3040,0.04041330128297081,0.034,45
0,8,0.055,80,38,3040,0.023094429195311936,0.008,50
0,4,0.055,80,38,3040,0.0006134913130347818,0.0,46
